0,Aeronautics Mixed Aeronautics,Aeronautics
1,Alpine Skiing Men's Combined,Alpine Skiing
2,Alpine Skiing Men's Downhill,Alpine Skiing
3,Alpine Skiing Men's Giant Slalom,Alpine Skiing
4,Alpine Skiing Men's Slalom,Alpine Skiing
5,Alpine Skiing Men's Super G,Alpine Skiing
6,Alpine Skiing Women's Combined,Alpine Skiing
7,Alpine Skiing Women's Downhill,Alpine Skiing
8,Alpine Skiing Women's Giant Slalom,Alpine Skiing
9,Alpine Skiing Women's Slalom,Alpine Skiing
10,Alpine Skiing Women's Super G,Alpine Skiing
11,Alpinism Mixed Alpinism,Alpinism
12,"Archery Men's Au Chapelet, 33 metres",Archery
13,"Archery Men's Au Chapelet, 50 metres",Archery
14,"Archery Men's Au Cordon Dore, 33 metres",Archery
15,"Archery Men's Au Cordon Dore, 50 metres",Archery
16,Archery Men's Championnat Du Monde,Archery
17,Archery Men's Continental Style,Archery
18,Archery Men's Double American Round,Archery
19,Archery Men's Double York Round,Archery
20,Archery Men's Individual,Archery
21,"Archery Men's Pole Archery, Large Birds, Individual",Archery
22,"Archery Men's Pole Archery, Large Birds, Team",Archery
23,"Archery Men's Pole Archery, Small Birds, Individual",Archery
24,"Archery Men's Pole Archery, Small Birds, Team",Archery
25,Archery Men's Sur La Perche a La Herse,Archery
26,Archery Men's Sur La Perche a La Pyramide,Archery
27,"Archery Men's Target Archery, 28 metres, Individual",Archery
28,"Archery Men's Target Archery, 28 metres, Team",Archery
29,"Archery Men's Target Archery, 33 metres, Individual",Archery
30,"Archery Men's Target Archery, 33 metres, Team",Archery
31,"Archery Men's Target Archery, 50 metres, Individual",Archery
32,"Archery Men's Target Archery, 50 metres, Team",Archery
33,Archery Men's Team,Archery
34,Archery Men's Team Round,Archery
35,Archery Men's Unknown Event,Archery
36,Archery Women's Double Columbia Round,Archery
37,Archery Women's Double National Round,Archery
38,Archery Women's Individual,Archery
39,Archery Women's Team,Archery
40,Archery Women's Team Round,Archery
41,Art Competitions Mixed Architecture,Art Competitions
42,"Art Competitions Mixed Architecture, Architectural Designs",Art Competitions
43,"Art Competitions Mixed Architecture, Designs For Town Planning",Art Competitions
44,"Art Competitions Mixed Architecture, Unknown Event",Art Competitions
45,Art Competitions Mixed Literature,Art Competitions
46,"Art Competitions Mixed Literature, Dramatic Works",Art Competitions
47,"Art Competitions Mixed Literature, Epic Works",Art Competitions
48,"Art Competitions Mixed Literature, Lyric Works",Art Competitions
49,"Art Competitions Mixed Literature, Unknown Event",Art Competitions
50,Art Competitions Mixed Music,Art Competitions
51,"Art Competitions Mixed Music, Compositions For Orchestra",Art Competitions
52,"Art Competitions Mixed Music, Compositions For Solo Or Chorus",Art Competitions
53,"Art Competitions Mixed Music, Instrumental And Chamber",Art Competitions
54,"Art Competitions Mixed Music, Unknown Event",Art Competitions
55,"Art Competitions Mixed Music, Vocals",Art Competitions
56,Art Competitions Mixed Painting,Art Competitions
57,"Art Competitions Mixed Painting, Applied Arts",Art Competitions
58,"Art Competitions Mixed Painting, Drawings And Water Colors",Art Competitions
59,"Art Competitions Mixed Painting, Graphic Arts",Art Competitions
60,"Art Competitions Mixed Painting, Paintings",Art Competitions
61,"Art Competitions Mixed Painting, Unknown Event",Art Competitions
62,Art Competitions Mixed Sculpturing,Art Competitions
63,"Art Competitions Mixed Sculpturing, Medals",Art Competitions
64,"Art Competitions Mixed Sculpturing, Medals And Plaques",Art Competitions
65,"Art Competitions Mixed Sculpturing, Medals And Reliefs",Art Competitions
66,"Art Competitions Mixed Sculpturing, Reliefs",Art Competitions
67,"Art Competitions Mixed Sculpturing, Statues",Art Competitions
68,"Art Competitions Mixed Sculpturing, Unknown Event",Art Competitions
69,Art Competitions Mixed Unknown Event,Art Competitions
70,"Athletics Men's 1,500 metres",Athletics
71,"Athletics Men's 1,500 metres Walk",Athletics
72,"Athletics Men's 1,600 metres Medley Relay",Athletics
73,Athletics Men's 10 kilometres Walk,Athletics
74,Athletics Men's 10 mile Walk,Athletics
75,"Athletics Men's 10,000 metres",Athletics
76,Athletics Men's 100 metres,Athletics
77,Athletics Men's 110 metres Hurdles,Athletics
78,"Athletics Men's 2,500 metres Steeplechase",Athletics
79,"Athletics Men's 2,590 metres Steeplechase",Athletics
80,Athletics Men's 20 kilometres Walk,Athletics
81,Athletics Men's 200 metres,Athletics
82,Athletics Men's 200 metres Hurdles,Athletics
83,"Athletics Men's 3 mile, Team",Athletics
84,"Athletics Men's 3,000 metres Steeplechase",Athletics
85,"Athletics Men's 3,000 metres Walk",Athletics
86,"Athletics Men's 3,000 metres, Team",Athletics
87,"Athletics Men's 3,200 metres Steeplechase",Athletics
88,"Athletics Men's 3,500 metres Walk",Athletics
89,"Athletics Men's 4 mile, Team",Athletics
90,Athletics Men's 4 x 100 metres Relay,Athletics
91,Athletics Men's 4 x 400 metres Relay,Athletics
92,"Athletics Men's 4,000 metres Steeplechase",Athletics
93,Athletics Men's 400 metres,Athletics
94,Athletics Men's 400 metres Hurdles,Athletics
95,Athletics Men's 5 mile,Athletics
96,"Athletics Men's 5,000 metres",Athletics
97,"Athletics Men's 5,000 metres, Team",Athletics
98,Athletics Men's 50 kilometres Walk,Athletics
99,Athletics Men's 56-pound Weight Throw,Athletics
100,Athletics Men's 60 metres,Athletics
101,Athletics Men's 800 metres,Athletics
102,Athletics Men's All-Around Championship,Athletics
103,"Athletics Men's Cross-Country, Individual",Athletics
104,"Athletics Men's Cross-Country, Team",Athletics
105,Athletics Men's Decathlon,Athletics
106,Athletics Men's Discus Throw,Athletics
107,"Athletics Men's Discus Throw, Both Hands",Athletics
108,"Athletics Men's Discus Throw, Greek Style",Athletics
109,Athletics Men's Hammer Throw,Athletics
110,Athletics Men's High Jump,Athletics
111,Athletics Men's Javelin Throw,Athletics
112,"Athletics Men's Javelin Throw, Both Hands",Athletics
113,"Athletics Men's Javelin Throw, Freestyle",Athletics
114,Athletics Men's Long Jump,Athletics
115,Athletics Men's Marathon,Athletics
116,Athletics Men's Pentathlon,Athletics
117,Athletics Men's Pentathlon (Ancient),Athletics
118,Athletics Men's Pole Vault,Athletics
119,Athletics Men's Shot Put,Athletics
120,"Athletics Men's Shot Put, Both Hands",Athletics
121,Athletics Men's Standing High Jump,Athletics
122,Athletics Men's Standing Long Jump,Athletics
123,Athletics Men's Standing Triple Jump,Athletics
124,Athletics Men's Stone Throw,Athletics
125,Athletics Men's Triple Jump,Athletics
126,"Athletics Women's 1,500 metres",Athletics
127,Athletics Women's 10 kilometres Walk,Athletics
128,"Athletics Women's 10,000 metres",Athletics
129,Athletics Women's 100 metres,Athletics
130,Athletics Women's 100 metres Hurdles,Athletics
131,Athletics Women's 20 kilometres Walk,Athletics
132,Athletics Women's 200 metres,Athletics
133,"Athletics Women's 3,000 metres",Athletics
134,"Athletics Women's 3,000 metres Steeplechase",Athletics
135,Athletics Women's 4 x 100 metres Relay,Athletics
136,Athletics Women's 4 x 400 metres Relay,Athletics
137,Athletics Women's 400 metres,Athletics
138,Athletics Women's 400 metres Hurdles,Athletics
139,"Athletics Women's 5,000 metres",Athletics
140,Athletics Women's 80 metres Hurdles,Athletics
141,Athletics Women's 800 metres,Athletics
142,Athletics Women's Discus Throw,Athletics
143,Athletics Women's Hammer Throw,Athletics
144,Athletics Women's Heptathlon,Athletics
145,Athletics Women's High Jump,Athletics
146,Athletics Women's Javelin Throw,Athletics
147,Athletics Women's Long Jump,Athletics
148,Athletics Women's Marathon,Athletics
149,Athletics Women's Pentathlon,Athletics
150,Athletics Women's Pole Vault,Athletics
151,Athletics Women's Shot Put,Athletics
152,Athletics Women's Triple Jump,Athletics
153,Badminton Men's Doubles,Badminton
154,Badminton Men's Singles,Badminton
155,Badminton Mixed Doubles,Badminton
156,Badminton Women's Doubles,Badminton
157,Badminton Women's Singles,Badminton
158,Baseball Men's Baseball,Baseball
159,Basketball Men's Basketball,Basketball
160,Basketball Women's Basketball,Basketball
161,Basque Pelota Men's Two-Man Teams With Cesta,Basque Pelota
162,Beach Volleyball Men's Beach Volleyball,Beach Volleyball
163,Beach Volleyball Women's Beach Volleyball,Beach Volleyball
164,Biathlon Men's 10 kilometres Sprint,Biathlon
165,Biathlon Men's 12.5 kilometres Pursuit,Biathlon
166,Biathlon Men's 15 kilometres Mass Start,Biathlon
167,Biathlon Men's 20 kilometres,Biathlon
168,Biathlon Men's 4 x 7.5 kilometres Relay,Biathlon
169,Biathlon Mixed 2 x 6 kilometres and 2 x 7.5 kilometres Relay,Biathlon
170,Biathlon Women's 10 kilometres Pursuit,Biathlon
171,Biathlon Women's 12.5 kilometres Mass Start,Biathlon
172,Biathlon Women's 15 kilometres,Biathlon
173,Biathlon Women's 3 x 7.5 kilometres Relay,Biathlon
174,Biathlon Women's 4 x 6 kilometres Relay,Biathlon
175,Biathlon Women's 4 x 7.5 kilometres Relay,Biathlon
176,Biathlon Women's 7.5 kilometres Sprint,Biathlon
177,Bobsleigh Men's Four,Bobsleigh
178,Bobsleigh Men's Four/Five,Bobsleigh
179,Bobsleigh Men's Two,Bobsleigh
180,Bobsleigh Women's Two,Bobsleigh
181,Boxing Men's Bantamweight,Boxing
182,Boxing Men's Featherweight,Boxing
183,Boxing Men's Flyweight,Boxing
184,Boxing Men's Heavyweight,Boxing
185,Boxing Men's Light-Flyweight,Boxing
186,Boxing Men's Light-Heavyweight,Boxing
187,Boxing Men's Light-Middleweight,Boxing
188,Boxing Men's Light-Welterweight,Boxing
189,Boxing Men's Lightweight,Boxing
190,Boxing Men's Middleweight,Boxing
191,Boxing Men's Super-Heavyweight,Boxing
192,Boxing Men's Welterweight,Boxing
193,Boxing Women's Flyweight,Boxing
194,Boxing Women's Lightweight,Boxing
195,Boxing Women's Middleweight,Boxing
196,"Canoeing Men's Canadian Doubles, 1,000 metres",Canoeing
197,"Canoeing Men's Canadian Doubles, 10,000 metres",Canoeing
198,"Canoeing Men's Canadian Doubles, 500 metres",Canoeing
199,"Canoeing Men's Canadian Doubles, Slalom",Canoeing
200,"Canoeing Men's Canadian Singles, 1,000 metres",Canoeing
201,"Canoeing Men's Canadian Singles, 10,000 metres",Canoeing
202,"Canoeing Men's Canadian Singles, 200 metres",Canoeing
203,"Canoeing Men's Canadian Singles, 500 metres",Canoeing
204,"Canoeing Men's Canadian Singles, Slalom",Canoeing
205,"Canoeing Men's Folding Kayak Doubles, 10 kilometres",Canoeing
206,"Canoeing Men's Folding Kayak Singles, 10 kilometres",Canoeing
207,"Canoeing Men's Kayak Doubles, 1,000 metres",Canoeing
208,"Canoeing Men's Kayak Doubles, 10,000 metres",Canoeing
209,"Canoeing Men's Kayak Doubles, 200 metres",Canoeing
210,"Canoeing Men's Kayak Doubles, 500 metres",Canoeing
211,"Canoeing Men's Kayak Fours, 1,000 metres",Canoeing
212,Canoeing Men's Kayak Relay 4 x 500 metres,Canoeing
213,"Canoeing Men's Kayak Singles, 1,000 metres",Canoeing
214,"Canoeing Men's Kayak Singles, 10,000 metres",Canoeing
215,"Canoeing Men's Kayak Singles, 200 metres",Canoeing
216,"Canoeing Men's Kayak Singles, 500 metres",Canoeing
217,"Canoeing Men's Kayak Singles, Slalom",Canoeing
218,"Canoeing Women's Kayak Doubles, 500 metres",Canoeing
219,"Canoeing Women's Kayak Fours, 500 metres",Canoeing
220,"Canoeing Women's Kayak Singles, 200 metres",Canoeing
221,"Canoeing Women's Kayak Singles, 500 metres",Canoeing
222,"Canoeing Women's Kayak Singles, Slalom",Canoeing
223,Cricket Men's Cricket,Cricket
224,Croquet Mixed Doubles,Croquet
225,"Croquet Mixed Singles, One Ball",Croquet
226,"Croquet Mixed Singles, Two Balls",Croquet
227,Cross Country Skiing Men's 10 kilometres,Cross Country Skiing
228,Cross Country Skiing Men's 10/10 kilometres Pursuit,Cross Country Skiing
229,Cross Country Skiing Men's 10/15 kilometres Pursuit,Cross Country Skiing
230,Cross Country Skiing Men's 15 kilometres,Cross Country Skiing
231,Cross Country Skiing Men's 18 kilometres,Cross Country Skiing
232,Cross Country Skiing Men's 30 kilometres,Cross Country Skiing
233,Cross Country Skiing Men's 30 km Skiathlon,Cross Country Skiing
234,Cross Country Skiing Men's 4 x 10 kilometres Relay,Cross Country Skiing
235,Cross Country Skiing Men's 50 kilometres,Cross Country Skiing
236,Cross Country Skiing Men's Sprint,Cross Country Skiing
237,Cross Country Skiing Men's Team Sprint,Cross Country Skiing
238,Cross Country Skiing Women's 10 kilometres,Cross Country Skiing
239,Cross Country Skiing Women's 15 kilometres,Cross Country Skiing
240,Cross Country Skiing Women's 15 km Skiathlon,Cross Country Skiing
241,Cross Country Skiing Women's 20 kilometres,Cross Country Skiing
242,Cross Country Skiing Women's 3 x 5 kilometres Relay,Cross Country Skiing
243,Cross Country Skiing Women's 30 kilometres,Cross Country Skiing
244,Cross Country Skiing Women's 4 x 5 kilometres Relay,Cross Country Skiing
245,Cross Country Skiing Women's 5 kilometres,Cross Country Skiing
246,Cross Country Skiing Women's 5/10 kilometres Pursuit,Cross Country Skiing
247,Cross Country Skiing Women's 5/5 kilometres Pursuit,Cross Country Skiing
248,Cross Country Skiing Women's Sprint,Cross Country Skiing
249,Cross Country Skiing Women's Team Sprint,Cross Country Skiing
250,Curling Men's Curling,Curling
251,Curling Women's Curling,Curling
252,Cycling Men's 1 mile,Cycling
253,"Cycling Men's 1,000 metres Time Trial",Cycling
254,Cycling Men's 1/2 mile,Cycling
255,Cycling Men's 1/3 mile,Cycling
256,Cycling Men's 1/4 mile,Cycling
257,"Cycling Men's 10,000 metres",Cycling
258,Cycling Men's 100 kilometres,Cycling
259,Cycling Men's 100 kilometres Team Time Trial,Cycling
260,Cycling Men's 12-Hours Race,Cycling
261,Cycling Men's 2 mile,Cycling
262,Cycling Men's 20 kilometres,Cycling
263,Cycling Men's 25 kilometres,Cycling
264,Cycling Men's 25 mile,Cycling
265,Cycling Men's 333 metres Time Trial,Cycling
266,Cycling Men's 5 mile,Cycling
267,"Cycling Men's 5,000 metres",Cycling
268,Cycling Men's 50 kilometres,Cycling
269,Cycling Men's BMX,Cycling
270,"Cycling Men's Individual Pursuit, 4,000 metres",Cycling
271,Cycling Men's Individual Time Trial,Cycling
272,Cycling Men's Keirin,Cycling
273,Cycling Men's Madison,Cycling
274,"Cycling Men's Mountainbike, Cross-Country",Cycling
275,Cycling Men's Omnium,Cycling
276,Cycling Men's Points Race,Cycling
277,"Cycling Men's Road Race, Individual",Cycling
278,"Cycling Men's Road Race, Team",Cycling
279,Cycling Men's Sprint,Cycling
280,"Cycling Men's Tandem Sprint, 2,000 metres",Cycling
281,"Cycling Men's Team Pursuit, 1,980 yards",Cycling
282,"Cycling Men's Team Pursuit, 4,000 metres",Cycling
283,Cycling Men's Team Sprint,Cycling
284,Cycling Women's 500 metres Time Trial,Cycling
285,Cycling Women's BMX,Cycling
286,"Cycling Women's Individual Pursuit, 3,000 metres",Cycling
287,Cycling Women's Individual Time Trial,Cycling
288,Cycling Women's Keirin,Cycling
289,"Cycling Women's Mountainbike, Cross-Country",Cycling
290,Cycling Women's Omnium,Cycling
291,Cycling Women's Points Race,Cycling
292,"Cycling Women's Road Race, Individual",Cycling
293,Cycling Women's Sprint,Cycling
294,Cycling Women's Team Pursuit,Cycling
295,Cycling Women's Team Sprint,Cycling
296,Diving Men's Plain High,Diving
297,Diving Men's Platform,Diving
298,Diving Men's Springboard,Diving
299,Diving Men's Synchronized Platform,Diving
300,Diving Men's Synchronized Springboard,Diving
301,Diving Women's Plain High,Diving
302,Diving Women's Platform,Diving
303,Diving Women's Springboard,Diving
304,Diving Women's Synchronized Platform,Diving
305,Diving Women's Synchronized Springboard,Diving
306,"Equestrianism Men's Dressage, Individual",Equestrianism
307,"Equestrianism Men's Dressage, Team",Equestrianism
308,"Equestrianism Men's Jumping, Individual",Equestrianism
309,"Equestrianism Men's Jumping, Team",Equestrianism
310,"Equestrianism Men's Three-Day Event, Individual",Equestrianism
311,"Equestrianism Men's Three-Day Event, Team",Equestrianism
312,"Equestrianism Men's Vaulting, Individual",Equestrianism
313,"Equestrianism Men's Vaulting, Team",Equestrianism
314,"Equestrianism Mixed Dressage, Individual",Equestrianism
315,"Equestrianism Mixed Dressage, Team",Equestrianism
316,Equestrianism Mixed Four-In-Hand Competition,Equestrianism
317,Equestrianism Mixed Hacks And Hunter Combined,Equestrianism
318,Equestrianism Mixed High Jump,Equestrianism
319,"Equestrianism Mixed Jumping, Individual",Equestrianism
320,"Equestrianism Mixed Jumping, Team",Equestrianism
321,Equestrianism Mixed Long Jump,Equestrianism
322,"Equestrianism Mixed Three-Day Event, Individual",Equestrianism
323,"Equestrianism Mixed Three-Day Event, Team",Equestrianism
324,"Fencing Men's Foil, Individual",Fencing
325,"Fencing Men's Foil, Masters, Individual",Fencing
326,"Fencing Men's Foil, Team",Fencing
327,"Fencing Men's Sabre, Individual",Fencing
328,"Fencing Men's Sabre, Individual, Three Hits",Fencing
329,"Fencing Men's Sabre, Masters, Individual",Fencing
330,"Fencing Men's Sabre, Team",Fencing
331,"Fencing Men's Single Sticks, Individual",Fencing
332,"Fencing Men's epee, Individual",Fencing
333,"Fencing Men's epee, Masters and Amateurs, Individual",Fencing
334,"Fencing Men's epee, Masters, Individual",Fencing
335,"Fencing Men's epee, Team",Fencing
336,"Fencing Women's Foil, Individual",Fencing
337,"Fencing Women's Foil, Team",Fencing
338,"Fencing Women's Sabre, Individual",Fencing
339,"Fencing Women's Sabre, Team",Fencing
340,"Fencing Women's epee, Individual",Fencing
341,"Fencing Women's epee, Team",Fencing
342,Figure Skating Men's Singles,Figure Skating
343,Figure Skating Men's Special Figures,Figure Skating
344,Figure Skating Mixed Ice Dancing,Figure Skating
345,Figure Skating Mixed Pairs,Figure Skating
346,Figure Skating Mixed Team,Figure Skating
347,Figure Skating Women's Singles,Figure Skating
348,Football Men's Football,Football
349,Football Women's Football,Football
350,Freestyle Skiing Men's Aerials,Freestyle Skiing
351,Freestyle Skiing Men's Halfpipe,Freestyle Skiing
352,Freestyle Skiing Men's Moguls,Freestyle Skiing
353,Freestyle Skiing Men's Ski Cross,Freestyle Skiing
354,Freestyle Skiing Men's Slopestyle,Freestyle Skiing
355,Freestyle Skiing Women's Aerials,Freestyle Skiing
356,Freestyle Skiing Women's Halfpipe,Freestyle Skiing
357,Freestyle Skiing Women's Moguls,Freestyle Skiing
358,Freestyle Skiing Women's Ski Cross,Freestyle Skiing
359,Freestyle Skiing Women's Slopestyle,Freestyle Skiing
360,Golf Men's Individual,Golf
361,Golf Men's Team,Golf
362,Golf Women's Individual,Golf
363,Gymnastics Men's Club Swinging,Gymnastics
364,Gymnastics Men's Floor Exercise,Gymnastics
365,Gymnastics Men's Horizontal Bar,Gymnastics
366,"Gymnastics Men's Horizontal Bar, Teams",Gymnastics
367,Gymnastics Men's Horse Vault,Gymnastics
368,Gymnastics Men's Individual All-Around,Gymnastics
369,"Gymnastics Men's Individual All-Around, 4 Events",Gymnastics
370,"Gymnastics Men's Individual All-Around, 5 Events",Gymnastics
371,"Gymnastics Men's Individual All-Around, Apparatus Work",Gymnastics
372,"Gymnastics Men's Individual All-Around, Field Sports",Gymnastics
373,Gymnastics Men's Parallel Bars,Gymnastics
374,"Gymnastics Men's Parallel Bars, Teams",Gymnastics
375,Gymnastics Men's Pommelled Horse,Gymnastics
376,Gymnastics Men's Rings,Gymnastics
377,Gymnastics Men's Rope Climbing,Gymnastics
378,Gymnastics Men's Side Horse,Gymnastics
379,Gymnastics Men's Team All-Around,Gymnastics
380,"Gymnastics Men's Team All-Around, Free System",Gymnastics
381,"Gymnastics Men's Team All-Around, Swedish System",Gymnastics
382,Gymnastics Men's Tumbling,Gymnastics
383,Gymnastics Women's Balance Beam,Gymnastics
384,Gymnastics Women's Floor Exercise,Gymnastics
385,Gymnastics Women's Horse Vault,Gymnastics
386,Gymnastics Women's Individual All-Around,Gymnastics
387,Gymnastics Women's Team All-Around,Gymnastics
388,Gymnastics Women's Team Portable Apparatus,Gymnastics
389,Gymnastics Women's Uneven Bars,Gymnastics
390,Handball Men's Handball,Handball
391,Handball Women's Handball,Handball
392,Hockey Men's Hockey,Hockey
393,Hockey Women's Hockey,Hockey
394,Ice Hockey Men's Ice Hockey,Ice Hockey
395,Ice Hockey Women's Ice Hockey,Ice Hockey
396,Jeu De Paume Men's Singles,Jeu De Paume
397,Judo Men's Extra-Lightweight,Judo
398,Judo Men's Half-Heavyweight,Judo
399,Judo Men's Half-Lightweight,Judo
400,Judo Men's Half-Middleweight,Judo
401,Judo Men's Heavyweight,Judo
402,Judo Men's Lightweight,Judo
403,Judo Men's Middleweight,Judo
404,Judo Men's Open Class,Judo
405,Judo Women's Extra-Lightweight,Judo
406,Judo Women's Half-Heavyweight,Judo
407,Judo Women's Half-Lightweight,Judo
408,Judo Women's Half-Middleweight,Judo
409,Judo Women's Heavyweight,Judo
410,Judo Women's Lightweight,Judo
411,Judo Women's Middleweight,Judo
412,Lacrosse Men's Lacrosse,Lacrosse
413,Luge Men's Singles,Luge
414,Luge Mixed (Men)'s Doubles,Luge
415,Luge Mixed Team Relay,Luge
416,Luge Women's Singles,Luge
417,Military Ski Patrol Men's Military Ski Patrol,Military Ski Patrol
418,Modern Pentathlon Men's Individual,Modern Pentathlon
419,Modern Pentathlon Men's Team,Modern Pentathlon
420,Modern Pentathlon Women's Individual,Modern Pentathlon
421,Motorboating Mixed A-Class (Open),Motorboating
422,Motorboating Mixed B-Class (Under 60 Feet),Motorboating
423,Motorboating Mixed C-Class,Motorboating
424,Nordic Combined Men's Individual,Nordic Combined
425,"Nordic Combined Men's Large Hill / 10 km, Individual",Nordic Combined
426,"Nordic Combined Men's Normal Hill / 10 km, Individual",Nordic Combined
427,Nordic Combined Men's Sprint,Nordic Combined
428,Nordic Combined Men's Team,Nordic Combined
429,Polo Men's Polo,Polo
430,Racquets Men's Doubles,Racquets
431,Racquets Men's Singles,Racquets
432,Rhythmic Gymnastics Women's Group,Rhythmic Gymnastics
433,Rhythmic Gymnastics Women's Individual,Rhythmic Gymnastics
434,Roque Men's Singles,Roque
435,Rowing Men's 17-Man Naval Rowing Boats,Rowing
436,Rowing Men's 6-Man Naval Rowing Boats,Rowing
437,Rowing Men's Coxed Eights,Rowing
438,Rowing Men's Coxed Fours,Rowing
439,"Rowing Men's Coxed Fours, Inriggers",Rowing
440,"Rowing Men's Coxed Fours, Outriggers",Rowing
441,Rowing Men's Coxed Pairs,Rowing
442,Rowing Men's Coxed Pairs (1 kilometres),Rowing
443,Rowing Men's Coxed Pairs (1 mile),Rowing
444,Rowing Men's Coxless Fours,Rowing
445,Rowing Men's Coxless Pairs,Rowing
446,Rowing Men's Double Sculls,Rowing
447,Rowing Men's Lightweight Coxless Fours,Rowing
448,Rowing Men's Lightweight Double Sculls,Rowing
449,Rowing Men's Quadruple Sculls,Rowing
450,Rowing Men's Single Sculls,Rowing
451,Rowing Women's Coxed Eights,Rowing
452,Rowing Women's Coxed Fours,Rowing
453,Rowing Women's Coxed Quadruple Sculls,Rowing
454,Rowing Women's Coxless Fours,Rowing
455,Rowing Women's Coxless Pairs,Rowing
456,Rowing Women's Double Sculls,Rowing
457,Rowing Women's Lightweight Double Sculls,Rowing
458,Rowing Women's Quadruple Sculls,Rowing
459,Rowing Women's Single Sculls,Rowing
460,Rugby Men's Rugby,Rugby
461,Rugby Sevens Men's Rugby Sevens,Rugby Sevens
462,Rugby Sevens Women's Rugby Sevens,Rugby Sevens
463,Sailing Men's One Person Dinghy,Sailing
464,Sailing Men's One Person Heavyweight Dinghy,Sailing
465,Sailing Men's Skiff,Sailing
466,Sailing Men's Two Person Dinghy,Sailing
467,Sailing Men's Two Person Keelboat,Sailing
468,Sailing Men's Windsurfer,Sailing
469,Sailing Mixed 0-0.5 Ton,Sailing
470,Sailing Mixed 0.5-1 Ton,Sailing
471,Sailing Mixed 1-2 Ton,Sailing
472,Sailing Mixed 10 metres,Sailing
473,Sailing Mixed 10-20 Ton,Sailing
474,Sailing Mixed 12 foot,Sailing
475,Sailing Mixed 12 metres,Sailing
476,Sailing Mixed 18 foot,Sailing
477,Sailing Mixed 2-3 Ton,Sailing
478,Sailing Mixed 20+ Ton,Sailing
479,Sailing Mixed 3-10 Ton,Sailing
480,Sailing Mixed 30 metres,Sailing
481,Sailing Mixed 40 metres,Sailing
482,Sailing Mixed 5.5 metres,Sailing
483,Sailing Mixed 6 metres,Sailing
484,Sailing Mixed 6.5 metres,Sailing
485,Sailing Mixed 7 metres,Sailing
486,Sailing Mixed 8 metres,Sailing
487,Sailing Mixed Multihull,Sailing
488,Sailing Mixed One Person Dinghy,Sailing
489,Sailing Mixed Open,Sailing
490,Sailing Mixed Skiff,Sailing
491,Sailing Mixed Three Person Keelboat,Sailing
492,Sailing Mixed Two Person Dinghy,Sailing
493,Sailing Mixed Two Person Heavyweight Dinghy,Sailing
494,Sailing Mixed Two Person Keelboat,Sailing
495,Sailing Mixed Windsurfer,Sailing
496,Sailing Women's One Person Dinghy,Sailing
497,Sailing Women's Skiff,Sailing
498,Sailing Women's Three Person Keelboat,Sailing
499,Sailing Women's Two Person Dinghy,Sailing
500,Sailing Women's Windsurfer,Sailing
501,"Shooting Men's Air Pistol, 10 metres",Shooting
502,"Shooting Men's Air Rifle, 10 metres",Shooting
503,Shooting Men's Double Trap,Shooting
504,"Shooting Men's Dueling Pistol Au Commandement, 25 metres",Shooting
505,Shooting Men's Dueling Pistol Au Vise 20 metres,Shooting
506,"Shooting Men's Dueling Pistol, 30 metres",Shooting
507,"Shooting Men's Dueling Pistol, 30 metres, Team",Shooting
508,"Shooting Men's Free Pistol, 25 metres",Shooting
509,"Shooting Men's Free Pistol, 30 metres",Shooting
510,"Shooting Men's Free Pistol, 50 metres",Shooting
511,"Shooting Men's Free Pistol, 50 metres, Team",Shooting
512,"Shooting Men's Free Pistol, 50 yards",Shooting
513,"Shooting Men's Free Pistol, 50 yards, Team",Shooting
514,"Shooting Men's Free Rifle, 1,000 Yards",Shooting
515,"Shooting Men's Free Rifle, 400, 600 and 800 metres, Team",Shooting
516,"Shooting Men's Free Rifle, Any Position, 300 metres",Shooting
517,"Shooting Men's Free Rifle, Kneeling, 300 metres",Shooting
518,"Shooting Men's Free Rifle, Prone, 300 metres",Shooting
519,"Shooting Men's Free Rifle, Prone, 600 metres",Shooting
520,"Shooting Men's Free Rifle, Standing, 300 metres",Shooting
521,"Shooting Men's Free Rifle, Three Positions, 300 metres",Shooting
522,"Shooting Men's Free Rifle, Three Positions, 300 metres, Team",Shooting
523,"Shooting Men's Military Pistol, 25 metres",Shooting
524,"Shooting Men's Military Pistol, 30 metres",Shooting
525,"Shooting Men's Military Pistol, Team",Shooting
526,"Shooting Men's Military Revolver, 1873-1874 Gras Model, 20 metres",Shooting
527,"Shooting Men's Military Revolver, 20 metres",Shooting
528,"Shooting Men's Military Rifle, 1873-1874 Gras Model, Kneeling Or Standing, 200 metres",Shooting
529,"Shooting Men's Military Rifle, 200 metres",Shooting
530,"Shooting Men's Military Rifle, 200, 400, 500 and 600 metres, Team",Shooting
531,"Shooting Men's Military Rifle, 200/500/600/800/900/1,000 Yards, Team",Shooting
532,"Shooting Men's Military Rifle, 300 metres and 600 metres, Prone, Team",Shooting
533,"Shooting Men's Military Rifle, Any Position, 600 metres",Shooting
534,"Shooting Men's Military Rifle, Kneeling Or Standing, 300 metres",Shooting
535,"Shooting Men's Military Rifle, Prone, 300 metres",Shooting
536,"Shooting Men's Military Rifle, Prone, 300 metres, Team",Shooting
537,"Shooting Men's Military Rifle, Prone, 600 metres",Shooting
538,"Shooting Men's Military Rifle, Prone, 600 metres, Team",Shooting
539,"Shooting Men's Military Rifle, Standing, 300 metres",Shooting
540,"Shooting Men's Military Rifle, Standing, 300 metres, Team",Shooting
541,"Shooting Men's Military Rifle, Three Positions, 300 metres",Shooting
542,"Shooting Men's Muzzle-Loading Pistol, 25 metres",Shooting
543,"Shooting Men's Rapid-Fire Pistol, 25 metres",Shooting
544,"Shooting Men's Running Target, 10 metres",Shooting
545,"Shooting Men's Running Target, 50 metres",Shooting
546,"Shooting Men's Running Target, Double Shot",Shooting
547,"Shooting Men's Running Target, Double Shot, Team",Shooting
548,"Shooting Men's Running Target, Single And Double Shot",Shooting
549,"Shooting Men's Running Target, Single Shot",Shooting
550,"Shooting Men's Running Target, Single Shot, Team",Shooting
551,Shooting Men's Skeet,Shooting
552,"Shooting Men's Small Bore-Rifle, Standing, 50 metres, Team",Shooting
553,"Shooting Men's Small-Bore Rifle, 50 and 100 yards, Team",Shooting
554,"Shooting Men's Small-Bore Rifle, Any Position, 50 metres",Shooting
555,"Shooting Men's Small-Bore Rifle, Disappearing Target, 25 metres",Shooting
556,"Shooting Men's Small-Bore Rifle, Disappearing Target, 25 metres, Team",Shooting
557,"Shooting Men's Small-Bore Rifle, Disappearing Target, 25 yards",Shooting
558,"Shooting Men's Small-Bore Rifle, Moving Target, 25 yards",Shooting
559,"Shooting Men's Small-Bore Rifle, Prone, 50 and 100 yards",Shooting
560,"Shooting Men's Small-Bore Rifle, Prone, 50 metres",Shooting
561,"Shooting Men's Small-Bore Rifle, Prone, 50 metres, Team",Shooting
562,"Shooting Men's Small-Bore Rifle, Standing, 50 metres",Shooting
563,"Shooting Men's Small-Bore Rifle, Three Positions, 50 metres",Shooting
564,Shooting Men's Trap,Shooting
565,"Shooting Men's Trap, Double Shot, 14 metres",Shooting
566,"Shooting Men's Trap, Single Shot, 16 metres",Shooting
567,"Shooting Men's Trap, Team",Shooting
568,Shooting Men's Unknown Event,Shooting
569,"Shooting Mixed Free Pistol, 50 metres",Shooting
570,"Shooting Mixed Free Rifle, Three Positions, 300 metres",Shooting
571,"Shooting Mixed Rapid-Fire Pistol, 25 metres",Shooting
572,"Shooting Mixed Running Target, 50 metres",Shooting
573,Shooting Mixed Skeet,Shooting
574,"Shooting Mixed Small-Bore Rifle, Prone, 50 metres",Shooting
575,"Shooting Mixed Small-Bore Rifle, Three Positions, 50 metres",Shooting
576,Shooting Mixed Trap,Shooting
577,"Shooting Women's Air Pistol, 10 metres",Shooting
578,"Shooting Women's Air Rifle, 10 metres",Shooting
579,Shooting Women's Double Trap,Shooting
580,Shooting Women's Skeet,Shooting
581,"Shooting Women's Small-Bore Rifle, Three Positions, 50 metres",Shooting
582,"Shooting Women's Sporting Pistol, 25 metres",Shooting
583,Shooting Women's Trap,Shooting
584,"Short Track Speed Skating Men's 1,000 metres",Short Track Speed Skating
585,"Short Track Speed Skating Men's 1,500 metres",Short Track Speed Skating
586,"Short Track Speed Skating Men's 5,000 metres Relay",Short Track Speed Skating
587,Short Track Speed Skating Men's 500 metres,Short Track Speed Skating
588,"Short Track Speed Skating Women's 1,000 metres",Short Track Speed Skating
589,"Short Track Speed Skating Women's 1,500 metres",Short Track Speed Skating
590,"Short Track Speed Skating Women's 3,000 metres Relay",Short Track Speed Skating
591,Short Track Speed Skating Women's 500 metres,Short Track Speed Skating
592,Skeleton Men's Skeleton,Skeleton
593,Skeleton Women's Skeleton,Skeleton
594,"Ski Jumping Men's Large Hill, Individual",Ski Jumping
595,"Ski Jumping Men's Large Hill, Team",Ski Jumping
596,"Ski Jumping Men's Normal Hill, Individual",Ski Jumping
597,"Ski Jumping Women's Normal Hill, Individual",Ski Jumping
598,Snowboarding Men's Boardercross,Snowboarding
599,Snowboarding Men's Giant Slalom,Snowboarding
600,Snowboarding Men's Halfpipe,Snowboarding
601,Snowboarding Men's Parallel Giant Slalom,Snowboarding
602,Snowboarding Men's Parallel Slalom,Snowboarding
603,Snowboarding Men's Slopestyle,Snowboarding
604,Snowboarding Women's Boardercross,Snowboarding
605,Snowboarding Women's Giant Slalom,Snowboarding
606,Snowboarding Women's Halfpipe,Snowboarding
607,Snowboarding Women's Parallel Giant Slalom,Snowboarding
608,Snowboarding Women's Parallel Slalom,Snowboarding
609,Snowboarding Women's Slopestyle,Snowboarding
610,Softball Women's Softball,Softball
611,"Speed Skating Men's 1,000 metres",Speed Skating
612,"Speed Skating Men's 1,500 metres",Speed Skating
613,"Speed Skating Men's 10,000 metres",Speed Skating
614,"Speed Skating Men's 5,000 metres",Speed Skating
615,Speed Skating Men's 500 metres,Speed Skating
616,Speed Skating Men's Allround,Speed Skating
617,Speed Skating Men's Team Pursuit (8 laps),Speed Skating
618,"Speed Skating Women's 1,000 metres",Speed Skating
619,"Speed Skating Women's 1,500 metres",Speed Skating
620,"Speed Skating Women's 3,000 metres",Speed Skating
621,"Speed Skating Women's 5,000 metres",Speed Skating
622,Speed Skating Women's 500 metres,Speed Skating
623,Speed Skating Women's Team Pursuit (6 laps),Speed Skating
624,"Swimming Men's 1,000 metres Freestyle",Swimming
625,"Swimming Men's 1,200 metres Freestyle",Swimming
626,"Swimming Men's 1,500 metres Freestyle",Swimming
627,Swimming Men's 10 kilometres Open Water,Swimming
628,Swimming Men's 100 Yard Backstroke,Swimming
629,Swimming Men's 100 metres Backstroke,Swimming
630,Swimming Men's 100 metres Breaststroke,Swimming
631,Swimming Men's 100 metres Butterfly,Swimming
632,Swimming Men's 100 metres Freestyle,Swimming
633,Swimming Men's 100 metres Freestyle For Sailors,Swimming
634,Swimming Men's 100 yard Freestyle,Swimming
635,Swimming Men's 200 metres Backstroke,Swimming
636,Swimming Men's 200 metres Breaststroke,Swimming
637,Swimming Men's 200 metres Butterfly,Swimming
638,Swimming Men's 200 metres Freestyle,Swimming
639,Swimming Men's 200 metres Individual Medley,Swimming
640,Swimming Men's 200 metres Obstacle Course,Swimming
641,Swimming Men's 200 metres Team Swimming,Swimming
642,Swimming Men's 220 yard Freestyle,Swimming
643,Swimming Men's 4 x 100 metres Freestyle Relay,Swimming
644,Swimming Men's 4 x 100 metres Medley Relay,Swimming
645,Swimming Men's 4 x 200 metres Freestyle Relay,Swimming
646,Swimming Men's 4 x 250 metres Freestyle Relay,Swimming
647,Swimming Men's 4 x 50 Yard Freestyle Relay,Swimming
648,"Swimming Men's 4,000 metres Freestyle",Swimming
649,Swimming Men's 400 metres Breaststroke,Swimming
650,Swimming Men's 400 metres Freestyle,Swimming
651,Swimming Men's 400 metres Individual Medley,Swimming
652,Swimming Men's 440 Yard Breaststroke,Swimming
653,Swimming Men's 440 yard Freestyle,Swimming
654,Swimming Men's 50 metres Freestyle,Swimming
655,Swimming Men's 50 yard Freestyle,Swimming
656,Swimming Men's 500 metres Freestyle,Swimming
657,Swimming Men's 880 yard Freestyle,Swimming
658,Swimming Men's One Mile Freestyle,Swimming
659,Swimming Men's Plunge For Distance,Swimming
660,Swimming Men's Underwater Swimming,Swimming
661,Swimming Women's 10 kilometres Open Water,Swimming
662,Swimming Women's 100 metres Backstroke,Swimming
663,Swimming Women's 100 metres Breaststroke,Swimming
664,Swimming Women's 100 metres Butterfly,Swimming
665,Swimming Women's 100 metres Freestyle,Swimming
666,Swimming Women's 200 metres Backstroke,Swimming
667,Swimming Women's 200 metres Breaststroke,Swimming
668,Swimming Women's 200 metres Butterfly,Swimming
669,Swimming Women's 200 metres Freestyle,Swimming
670,Swimming Women's 200 metres Individual Medley,Swimming
671,Swimming Women's 300 metres Freestyle,Swimming
672,Swimming Women's 4 x 100 metres Freestyle Relay,Swimming
673,Swimming Women's 4 x 100 metres Medley Relay,Swimming
674,Swimming Women's 4 x 200 metres Freestyle Relay,Swimming
675,Swimming Women's 400 metres Freestyle,Swimming
676,Swimming Women's 400 metres Individual Medley,Swimming
677,Swimming Women's 50 metres Freestyle,Swimming
678,Swimming Women's 800 metres Freestyle,Swimming
679,Synchronized Swimming Women's Duet,Synchronized Swimming
680,Synchronized Swimming Women's Solo,Synchronized Swimming
681,Synchronized Swimming Women's Team,Synchronized Swimming
682,Table Tennis Men's Doubles,Table Tennis
683,Table Tennis Men's Singles,Table Tennis
684,Table Tennis Men's Team,Table Tennis
685,Table Tennis Women's Doubles,Table Tennis
686,Table Tennis Women's Singles,Table Tennis
687,Table Tennis Women's Team,Table Tennis
688,Taekwondo Men's Featherweight,Taekwondo
689,Taekwondo Men's Flyweight,Taekwondo
690,Taekwondo Men's Heavyweight,Taekwondo
691,Taekwondo Men's Welterweight,Taekwondo
692,Taekwondo Women's Featherweight,Taekwondo
693,Taekwondo Women's Flyweight,Taekwondo
694,Taekwondo Women's Heavyweight,Taekwondo
695,Taekwondo Women's Welterweight,Taekwondo
696,Tennis Men's Doubles,Tennis
697,"Tennis Men's Doubles, Covered Courts",Tennis
698,Tennis Men's Singles,Tennis
699,"Tennis Men's Singles, Covered Courts",Tennis
700,Tennis Mixed Doubles,Tennis
701,"Tennis Mixed Doubles, Covered Courts",Tennis
702,Tennis Women's Doubles,Tennis
703,Tennis Women's Singles,Tennis
704,"Tennis Women's Singles, Covered Courts",Tennis
705,Trampolining Men's Individual,Trampolining
706,Trampolining Women's Individual,Trampolining
707,Triathlon Men's Olympic Distance,Triathlon
708,Triathlon Women's Olympic Distance,Triathlon
709,Tug-Of-War Men's Tug-Of-War,Tug-Of-War
710,Volleyball Men's Volleyball,Volleyball
711,Volleyball Women's Volleyball,Volleyball
712,Water Polo Men's Water Polo,Water Polo
713,Water Polo Women's Water Polo,Water Polo
714,Weightlifting Men's All-Around Dumbbell Contest,Weightlifting
715,Weightlifting Men's Bantamweight,Weightlifting
716,Weightlifting Men's Featherweight,Weightlifting
717,Weightlifting Men's Flyweight,Weightlifting
718,Weightlifting Men's Heavyweight,Weightlifting
719,Weightlifting Men's Heavyweight I,Weightlifting
720,Weightlifting Men's Heavyweight II,Weightlifting
721,Weightlifting Men's Light-Heavyweight,Weightlifting
722,Weightlifting Men's Lightweight,Weightlifting
723,Weightlifting Men's Middle-Heavyweight,Weightlifting
724,Weightlifting Men's Middleweight,Weightlifting
725,Weightlifting Men's Super-Heavyweight,Weightlifting
726,"Weightlifting Men's Unlimited, One Hand",Weightlifting
727,"Weightlifting Men's Unlimited, Two Hands",Weightlifting
728,Weightlifting Women's Featherweight,Weightlifting
729,Weightlifting Women's Flyweight,Weightlifting
730,Weightlifting Women's Heavyweight,Weightlifting
731,Weightlifting Women's Light-Heavyweight,Weightlifting
732,Weightlifting Women's Lightweight,Weightlifting
733,Weightlifting Women's Middleweight,Weightlifting
734,Weightlifting Women's Super-Heavyweight,Weightlifting
735,"Wrestling Men's All-Around, Greco-Roman",Wrestling
736,"Wrestling Men's Bantamweight, Freestyle",Wrestling
737,"Wrestling Men's Bantamweight, Greco-Roman",Wrestling
738,"Wrestling Men's Featherweight, Freestyle",Wrestling
739,"Wrestling Men's Featherweight, Greco-Roman",Wrestling
740,"Wrestling Men's Flyweight, Freestyle",Wrestling
741,"Wrestling Men's Flyweight, Greco-Roman",Wrestling
742,"Wrestling Men's Heavyweight, Freestyle",Wrestling
743,"Wrestling Men's Heavyweight, Greco-Roman",Wrestling
744,"Wrestling Men's Light-Flyweight, Freestyle",Wrestling
745,"Wrestling Men's Light-Flyweight, Greco-Roman",Wrestling
746,"Wrestling Men's Light-Heavyweight, Freestyle",Wrestling
747,"Wrestling Men's Light-Heavyweight, Greco-Roman",Wrestling
748,"Wrestling Men's Lightweight, Freestyle",Wrestling
749,"Wrestling Men's Lightweight, Greco-Roman",Wrestling
750,"Wrestling Men's Middleweight A, Greco-Roman",Wrestling
751,"Wrestling Men's Middleweight B, Greco-Roman",Wrestling
752,"Wrestling Men's Middleweight, Freestyle",Wrestling
753,"Wrestling Men's Middleweight, Greco-Roman",Wrestling
754,"Wrestling Men's Super-Heavyweight, Freestyle",Wrestling
755,"Wrestling Men's Super-Heavyweight, Greco-Roman",Wrestling
756,"Wrestling Men's Unlimited Class, Greco-Roman",Wrestling
757,"Wrestling Men's Welterweight, Freestyle",Wrestling
758,"Wrestling Men's Welterweight, Greco-Roman",Wrestling
759,"Wrestling Women's Featherweight, Freestyle",Wrestling
760,"Wrestling Women's Flyweight, Freestyle",Wrestling
761,"Wrestling Women's Heavyweight, Freestyle",Wrestling
762,"Wrestling Women's Light-Heavyweight, Freestyle",Wrestling
763,"Wrestling Women's Lightweight, Freestyle",Wrestling
764,"Wrestling Women's Middleweight, Freestyle",Wrestling
